Player;Athlete1;Athlete2;Athlete3;Athlete4;Athlete5;Athlete6;Datetime
TriRating;FRO;KIE;RAE;MCM;POTT;ODO;2017-10-11 08:30:00
quentin BERLIER;FRO;RAE;VIE;KIE;VANL;SAN;2016-10-07 23:09:48
Louis Moreau;REE;KIE;FRO;THOM;VIE;SAN;2016-10-07 03:34:26
Chrisitan K;FRO;CUN;RAE;BIL;VANL;KIE;2016-10-06 23:17:46
Louis Philippe Laurin;KIE;RAE;THOM;POTT;HOF;DON;2016-10-06 13:28:51
Bentri;FRO;THOM;VIE;POTT;SAN;CHE;2016-10-06 13:12:00
DAUVERGNE;MCK;MCN;FRO;VIE;POTT;VANL;2016-10-06 12:51:16
marc-andre;SAN;KIE;TVB;GOM;AER;HOF;2016-10-06 10:50:04
Yannick;FRO;KIE;REE;RAE;VIE;MCM;2016-10-06 09:29:13
EP;FRO;HOF;VIE;SCHI;KIE;BOZ;2016-10-06 08:26:17
BERTUZZI Olivier;FRO;THOM;RAE;VIE;KIE;DEG;2016-10-06 08:17:23
Le guellec;FRO;MCM;KIE;THOM;MCN;VANL;2016-10-06 03:53:39
Monsieurcroco;FRO;VIE;KIE;RAE;HOF;REE;2016-10-06 03:37:11
Tristan Ne;FRO;POTT;MCM;KIE;CUN;SAN;2016-10-06 01:53:11
florian b;FRO;KIE;RAE;VIE;SAN;POTT;2016-10-06 01:20:03
Jotry;RAE;FRO;STE;VIE;MCM;SAN;2016-10-06 01:06:02
Gautier;FRO;RAE;KIE;REE;MCM;MCN;2016-10-06 00:59:39
Philip;SCHI;BOE;STE;VIS;RAE;VANL;2016-10-06 00:53:50
COUFFON;FRO;MCK;VIE;LLA;KRA;RAE;2016-10-06 00:50:58
Le Joub;KIE;FRO;VIE;RAE;BIL;VANL;2016-10-06 00:27:11
Laurent Vedrinne;FRO;KIE;CUN;VANL;RAE;VIE;2016-10-06 00:17:34
Fred Limousin;FRO;KIE;VANL;THOM;VIE;SAN;2016-10-05 23:58:20
Math;FRO;ODO;SAN;MCM;POTT;RAE;2016-10-05 20:02:46
Romain Babin;RAE;FRO;VIE;KIE;THOM;VANL;2016-10-05 17:49:14
Maxence Hofer;FRO;KIE;RAE;VANL;VIE;WIL;2016-10-05 13:13:55
Soler;FRO;KIE;VANL;GOM;VIE;POTT;2016-10-04 23:57:29
Eric Sadoine;FRO;KIE;RAE;VANL;RAN;AER;2016-10-04 13:27:22
Gleg;RAE;FRO;VIE;ODO;KIE;MCM;2016-10-04 13:16:43
joel hugues;MCN;BUTT;FRO;CUN;VIE;POTT;2016-10-04 12:37:11
Xavier;FRO;BOE;RAE;MCM;KIE;SAN;2016-10-04 12:34:07
dff;FRO;KIE;VIE;RAE;ODO;STE;2016-10-04 12:31:01
Jerome;FRO;HOF;RAE;CLA;VIE;CUN;2016-10-04 12:23:06
simon C;RAE;SAN;FRO;VIE;STE;KIE;2016-10-04 12:09:41
Guillaume M;FRO;KIE;VANL;VIE;REE;SAN;2016-10-04 10:25:21
Regis;HOF;FRO;KIE;ODO;LLA;VIE;2016-10-04 09:57:12
mdrmaxime;RAE;FRO;BOE;KIE;VANL;VIE;2016-10-04 07:03:21
Fabrice Engasser;FRO;VIE;CUN;SAN;RAE;KIE;2016-10-04 05:47:44
regis schweitzer;ODO;KIE;RAE;RAN;VANL;WEI;2016-10-04 03:54:46
Florian;RAE;POTT;MCM;FRO;ODO;KIE;2016-10-04 01:09:17
Vincent Mallet;RAE;VIE;FRO;VANL;KIE;CUN;2016-10-04 00:10:55
Beaud;FRO;VANL;KIE;RAE;VIE;MCK;2016-10-03 23:21:56
stef.;THOM;KIE;BOE;HOF;BIL;VANL;2016-10-03 22:45:12
Cante;FRO;KIE;VIE;STE;VANL;BIL;2016-10-03 15:37:39
Lucas;FRO;VANL;KIE;VIE;AER;BOZ;2016-10-03 14:49:23
Julian;FRO;KIE;VANL;RAE;SAN;VIE;2016-10-03 14:40:51
jano;FRO;KIE;VANL;VIE;RAE;SAN;2016-10-03 14:37:56
Matlal;FRO;KIE;VIE;VANL;RAE;BOE;2016-10-03 14:27:34
munier;FRO;VANL;VIE;CUN;BIL;RAP;2016-10-03 14:21:05
Kabouli;FRO;KIE;BRA;VIE;RAE;VANL;2016-10-03 13:58:26
Ronan;FRO;POTT;VIE;KIE;CUN;ODO;2016-10-03 13:32:51
Eric;FRO;KIE;CHE;HOF;RAE;VIE;2016-10-03 13:23:26
Lannuzel Florent;FRO;SAN;MCK;BIL;VIE;KIE;2016-10-03 13:20:09
S.Rouger;FRO;RAE;VANL;VIE;DON;KIE;2016-10-03 13:09:50
le nouaille yves;HOF;MCK;KIE;VIE;VANL;LLA;2016-10-03 13:06:35
LOYER Lucien;FRO;KIE;MCK;VANL;VIE;LLA;2016-10-03 12:59:40
John;FRO;BOE;VIE;HOF;RAE;SAN;2016-10-03 12:31:58
rivet;FRO;MCN;POTT;VIE;CHE;BOE;2016-10-03 12:23:41
NicoM;FRO;KIE;AER;RAE;VIE;VANL;2016-10-03 12:21:17
Brohez;FRO;KIE;VIE;VANL;SAN;DON;2016-10-03 12:19:02
Calonne;RAE;BIL;FRO;VANL;POTT;KIE;2016-10-03 12:00:22
Trillaud;FRO;KIE;MCK;BOE;KRA;VIE;2016-10-03 11:42:36
chris frediani;MCK;KIE;FRO;VIE;SAN;CUN;2016-10-03 10:58:12
Meister thierry;RAE;FRO;SAN;BOE;STE;VIE;2016-10-03 10:07:01
QUITTARD Sébastien;KIE;VIE;CUN;SAN;CHE;WEI;2016-10-03 09:52:24
Yohann Cardin;FRO;HOF;KIE;RAE;POTT;VIE;2016-10-03 09:41:52
Mat p;THOM;VANL;FRO;SAN;KIE;BOE;2016-10-03 08:40:14
GRADT;HOF;FRO;ODO;VIE;VANL;KIE;2016-10-03 08:19:45
BASTIEN L;FRO;CUN;KIE;VIE;HOF;VANL;2016-10-03 08:09:36
Guillaume Belgy;FRO;KIE;VANL;HOF;ODO;VIE;2016-10-03 07:56:35
PIETD;FRO;VIE;RAE;POTT;DON;KIE;2016-10-03 07:51:42
tabarant;KIE;FRO;POTT;VANL;BUC;CUN;2016-10-03 07:45:11
Vincent.K;MCM;KIE;FRO;TVB;POTT;VANL;2016-10-03 07:30:32
julien;FRO;POTT;VIE;CUN;KIE;BIL;2016-10-03 07:17:26
nicolas TABARANT;ODO;CLA;FRO;MCN;CHE;TVB;2016-10-03 07:13:32
olivier HAMEAU;TVB;THOM;FRO;STE;VIE;CUN;2016-10-03 06:01:16
guillaume;FRO;STE;VIE;KIE;CUN;BIL;2016-10-03 05:56:04
Nadège;FRO;CUN;KIE;MCK;ODO;POTT;2016-10-03 05:17:29
Fixy;KIE;FRO;POTT;SAN;VIE;CHE;2016-10-03 05:09:16
matthieu;FRO;SAN;VIE;VANL;KIE;STE;2016-10-03 04:51:35
Valentin Pajot;FRO;KIE;SAN;VIE;RAE;BOE;2016-10-03 04:24:26
Xavier Morand;FRO;KIE;STE;THOM;VANL;CHE;2016-10-03 04:16:54
sacha cavelier;FRO;KIE;VIE;POTT;THOM;MCM;2016-10-03 03:45:44
armand;FRO;KIE;BIL;VANL;VIE;CUN;2016-10-03 03:31:46
Brice MAILLARD;KIE;FRO;SKI;VIE;SAN;STE;2016-10-03 03:26:52
Minsat;FRO;KIE;VIE;RAE;BIL;POTT;2016-10-03 03:23:30
Yukio Buriez;MCK;FRO;KIE;THOM;VANL;DON;2016-10-03 03:09:25
Maxime;FRO;KIE;HOF;SAN;RAE;VANL;2016-10-03 03:07:14
Greg;SAN;FRO;POTT;KIE;STE;CHE;2016-10-03 02:44:52
Franck Martin;FRO;HOF;KIE;RAE;VANL;ODO;2016-10-03 02:34:33
Nicolas VIOLLAND;FRO;KIE;VIE;CUN;ODO;HOF;2016-10-03 02:31:09
philcoche;KIE;BOE;RAE;VIE;FRO;MCK;2016-10-03 02:24:53
Fabien;FRO;KIE;SAN;VIE;THOM;RAP;2016-10-03 02:23:39
BobbyWallace;FRO;KIE;STE;RAE;HOF;VIE;2016-10-03 02:23:17
gimli;FRO;HOF;RAE;KIE;THOM;WILT;2016-10-03 02:16:45
Clement;FRO;SAN;KIE;REE;VIE;THOM;2016-10-03 02:09:16
NOEPPEL Romain;FRO;KIE;SAN;POTT;VIE;RAE;2016-10-03 02:02:44
Bauduin Julien;VANL;FRO;KIE;VIE;LLA;AER;2016-10-03 01:56:41
Philippe COCHON;RAE;FRO;CUN;AER;VIE;SKI;2016-10-03 01:53:01
Cathy;RAE;KIE;VIE;FRO;SAN;MCK;2016-10-03 01:48:08
triatden;FRO;SAN;KIE;AER;VIE;CUN;2016-10-03 01:40:32
Manu;FRO;KIE;HOF;RAE;VANL;THOM;2016-10-03 01:31:40
Quentin S;FRO;THOM;VIE;KIE;CUN;CHE;2016-10-03 01:27:15
ValentinG;FRO;KIE;REE;SAN;HOF;VIE;2016-10-03 01:26:31
TJ;FRO;KIE;MCM;DON;WEI;RAE;2016-10-03 01:23:20
Cyrfonk;FRO;KIE;SAN;STE;VIE;RAE;2016-10-03 01:19:36
Adrien;KIE;FRO;WIL;HOF;BUTT;VIE;2016-10-03 01:17:52
JOURDAIN GILDY;FRO;VANL;SAN;KIE;VIE;HOF;2016-10-03 01:01:46
sadlig;ODO;FRO;BIL;KIE;MCK;CHE;2016-10-03 00:48:10
Balestreri;FRO;KIE;WEI;BOE;STE;CUN;2016-10-03 00:37:37
Pierre;FRO;KIE;VANL;STE;BIL;AER;2016-10-03 00:35:40
Maxence;FRO;ODO;THOM;CUN;RAP;SAN;2016-10-03 00:33:44
RomainB;FRO;KIE;RAE;VANL;RAN;VIE;2016-10-03 00:23:28
Pour l'autre;KIE;HOF;FRO;CUN;LAN;ODO;2016-10-03 00:21:37
Félin;KIE;VIE;SKI;LLA;SAN;RAE;2016-10-03 00:12:25
orlandi;FRO;HOF;KIE;CUN;RAE;PLE;2016-10-02 23:43:10
Marcolini;BRA;FRO;RAE;BIL;KIE;VIE;2016-10-02 23:41:56
Fabian Guillaume;FRO;BOE;KIE;VANL;VIE;POTT;2016-10-02 23:34:17
antoine;FRO;KIE;HOF;VANL;DON;VIE;2016-10-02 23:19:55
Menanteau Arnaud;FRO;KIE;VANL;RAE;VIE;CHE;2016-10-02 23:00:30
Sam froger;FRO;KIE;RAE;CHE;SAN;LAN;2016-10-02 22:45:26
viennot;FRO;BIL;VIE;SKI;BOE;POTT;2016-10-02 22:12:31
Nathanaël;FRO;KIE;VIE;THOM;MCM;SAN;2016-10-02 22:10:55
K;FRO;HOF;RAE;ODO;VIE;KIE;2016-10-02 21:59:54
eric hourcade;FRO;KIE;VANL;RAE;MCN;VIE;2016-10-02 21:00:25
Sebastien;KIE;FRO;SAN;VANL;ODO;WUE;2016-10-02 18:45:06
Jean-Michel;FRO;SAN;KIE;REE;RAE;MCM;2016-10-02 18:40:37
felix duchesne;RAE;FRO;ODO;KIE;SAN;HOF;2016-10-02 18:33:15
Nicolas ZAMBON;FRO;KIE;BUTT;HOF;WEI;VIE;2016-10-02 18:26:26
Olivier n;FRO;KIE;BUTT;CUN;POTT;VIE;2016-10-02 18:25:16
j'ai gagné;FRO;KIE;HOF;THOM;VANL;VIE;2016-10-02 18:03:57
Simon;THOM;KIE;FRO;SAN;MCM;RAE;2016-10-02 17:57:44
julien sein;RAE;BOE;LAN;FRO;KIE;REE;2016-10-02 15:40:34
Laurent D;THOM;FRO;VIE;BIL;RAN;KIE;2016-10-02 15:35:03
Thomas Sire;FRO;SAN;HOF;VIE;RAE;KIE;2016-10-02 15:20:13
max;FRO;KIE;HOF;RAE;BOE;VIE;2016-10-02 15:17:56
Payen Nicolas;FRO;KIE;CUN;POTT;VIE;VANL;2016-10-02 15:13:29
Guy BELLOT;FRO;KIE;AER;VIE;RAE;VANL;2016-10-02 14:54:35
Aidan;THOM;FRO;KIE;VIE;ODO;WIL;2016-10-02 14:53:48
Aymeric;FRO;KIE;RAE;VIE;MCK;CUN;2016-10-02 14:51:51
paul normand;FRO;VIE;KIE;RAE;SAN;REE;2016-10-02 14:33:41
Bouisson Jérémy;FRO;RAE;KIE;BUTT;ODO;STE;2016-10-02 14:30:54
Stef R.;FRO;AER;VANL;VIE;KIE;VIS;2016-10-02 14:22:30
Ludovic Lemaire;FRO;KIE;REE;POTT;SAN;VANL;2016-10-02 14:21:59
mike;FRO;SAN;KIE;POTT;VIE;CHE;2016-10-02 14:20:19
Yohan Saby;FRO;MCM;RAE;SAN;KIE;POTT;2016-10-02 14:18:55
Theo;FRO;SAN;KIE;VIE;RAE;HOF;2016-10-02 14:14:19
YOHANN;RAN;VIE;KIE;FRO;POTT;VIS;2016-10-02 14:11:11
Rod;KIE;POTT;MCM;SAN;VIE;THOM;2016-10-02 14:09:05
Christian;FRO;KIE;VIE;VANL;BIL;MCK;2016-10-02 14:03:14
Troussey;FRO;STE;SAN;VIE;KIE;WIL;2016-10-02 13:53:55
Thomas M;FRO;KIE;RAE;ODO;VANL;POTT;2016-10-02 13:52:41
Jérôme;FRO;KIE;POTT;VANL;AER;CHE;2016-10-02 13:52:33
Ravier;BIL;VIE;FRO;TVB;DEG;STE;2016-10-02 13:51:13
Bastien;BOE;RAE;KIE;FRO;STE;SAN;2016-10-02 13:50:27
Thomas;FRO;RAE;HOF;VIE;BOE;POTT;2016-10-02 13:47:25
Jean-Luc Olives;FRO;RAE;VIE;CUN;KIE;HOF;2016-10-02 13:47:09
Guillaume G;FRO;SAN;VIE;KIE;THOM;CUN;2016-10-02 13:47:06
Fred;FRO;VANL;VIS;VIE;KIE;CUN;2016-10-02 13:43:50
Quentin;FRO;KIE;VIE;LLA;BUTT;BOZ;2016-10-02 13:41:09
Mainard gael;FRO;KIE;VIE;MCM;SKI;BUTT;2016-10-02 13:38:10
kevin;FRO;KIE;HOF;CUN;THOM;MCN;2016-10-02 13:29:39
tonio;FRO;MCK;VIE;RAN;KIE;MCN;2016-10-02 13:27:07
Dedieu;FRO;BOE;VIE;THOM;SAN;VANL;2016-10-02 13:19:05
Bernaud;KIE;FRO;VANL;VIE;POTT;CHE;2016-10-02 13:18:42
AlbzGeo;FRO;VIE;VANL;AER;HOF;SAN;2016-10-02 13:16:21
JOFFRE;FRO;KIE;VIE;VANL;HOF;STE;2016-10-02 13:15:30
lionel fery;FRO;KIE;VANL;AER;STE;VIE;2016-10-02 13:15:07
Julien Quéré;FRO;KIE;MCK;VIE;RAE;POTT;2016-10-02 13:14:02
Clement Jean Baptiste;FRO;CUN;VIE;KIE;SAN;HOF;2016-10-02 13:12:57
Thomas D.;FRO;MCK;VIE;BOE;SAN;KIE;2016-10-02 13:12:52
Schuler Yann;FRO;KIE;BOE;VIE;VANL;CUN;2016-10-02 13:10:34
Seb;FRO;ODO;KIE;HOF;VIE;CUN;2016-10-02 13:09:36
olivierm;FRO;DON;VIE;HOF;ODO;POTT;2016-10-02 13:05:22
Frédéric LENA;FRO;KIE;CUN;VANL;VIE;THOM;2016-10-02 13:05:14
Karim;KIE;FRO;VANL;VIE;WIL;RAN;2016-10-02 13:04:19
Olivier;FRO;DON;VIE;HOF;ODO;POTT;2016-10-02 13:03:42
Etienne Chevrier;FRO;POTT;KIE;MCM;THOM;SAN;2016-10-02 13:02:14
jcmou;FRO;ODO;VIE;MCN;POTT;KIE;2016-10-02 13:01:25
Frappart;FRO;KIE;VANL;VIE;SAN;POTT;2016-10-02 12:57:00
Laurent Marcilloux;RAE;SAN;KIE;FRO;CHE;ODO;2016-10-02 12:56:48
Clément Visseyrias;KIE;REE;FRO;SAN;BER;POTT;2016-10-02 12:55:27
Stephane;KIE;VANL;FRO;VIE;STE;BIL;2016-10-02 12:55:21
Alexis Sicard;FRO;KIE;SAN;RAE;LAN;CHE;2016-10-02 12:54:16
duf;FRO;KIE;STE;SAN;AER;VIE;2016-10-02 12:52:18
Van Lerberghe Nicolas;FRO;ODO;VANL;MCM;KIE;RAE;2016-10-02 12:52:09
Jp Thibodeau;FRO;MCM;KIE;POTT;ODO;SAN;2016-10-02 12:51:18
liandrat;RAE;KIE;FRO;BUTT;HOF;POTT;2016-10-02 12:50:49
langemania;KIE;FRO;VIE;RAE;LLA;LAN;2016-10-02 12:48:41
Gilles WERNETTE;FRO;KIE;RAE;POTT;AER;VIE;2016-10-02 12:48:41
Cyril;FRO;KIE;AER;VIE;RAE;VANL;2016-10-02 12:48:38
Olivier FLEUROT;KIE;HOF;FRO;VIE;MCK;WEI;2016-10-02 12:48:37
TREVOR;FRO;KIE;RAE;BOE;SKI;VIE;2016-10-02 12:46:27
Villette;FRO;KIE;RAE;VIE;SAN;VANL;2016-10-02 12:46:26
Michel;FRO;POTT;STE;VIE;AER;KIE;2016-10-02 12:45:14
BAGARD Guillaume;FRO;BOE;VANL;VIE;ODO;CUN;2016-10-02 12:44:22
Matt;FRO;KIE;VIE;HOF;STE;AER;2016-10-02 12:41:45
Michel Bloch;FRO;POTT;STE;VIE;KIE;AER;2016-10-02 12:41:12
Noeppel maxime;FRO;VIE;SAN;POTT;KIE;VANL;2016-10-02 12:38:30
paul M;FRO;KIE;RAE;VIE;WEI;CHE;2016-10-02 12:37:11
Romain;FRO;VIE;KIE;WEI;VANL;POTT;2016-10-02 12:36:44
Luneau;FRO;KIE;VANL;VIE;BOE;RAE;2016-10-02 12:35:32
Beyne;KIE;FRO;THOM;POTT;VIE;SAN;2016-10-02 12:35:30
Mikael;KIE;FRO;VANL;VIE;DON;RAE;2016-10-02 12:33:36
Francois BODIC;KIE;FRO;BOE;RAE;REE;BRA;2016-10-02 12:31:38
Tom;KIE;FRO;THOM;POTT;SAN;VIE;2016-10-02 12:30:37
Vincent;FRO;MCM;POTT;RAE;LAN;WIL;2016-10-02 12:28:17
pousse;SAN;POTT;MCK;KIE;CUN;FRO;2016-10-02 12:27:40
Laurent Sirois;KIE;FRO;MCM;SAN;POTT;SKI;2016-10-02 12:27:02
Hadrien Baritaux;FRO;KIE;SAN;VIE;SKI;BIL;2016-10-02 12:26:07
Henry matthieu;FRO;KIE;VIE;ODO;HOF;VANL;2016-10-02 12:26:07
Seb jouffret;KIE;HOF;THOM;VIE;FRO;SAN;2016-10-02 12:24:29
Wissocq;FRO;KIE;SAN;VANL;VIE;RAE;2016-10-02 12:22:46
mverniau;FRO;KIE;VIE;VANL;SAN;MCN;2016-10-02 12:22:11
